time,sym,bid,ask,bsize,asize
0D09:42:59.975045000,VOD.L,341.2757,341.3268,858,522
0D09:42:59.975045000,MSFT.O,45.14814,45.15241,585,257
0D09:43:00.976022000,VOD.L,341.267,341.3161,314,344
0D09:43:00.976022000,IBM.N,191.0956,191.1121,580,997
0D09:43:01.976303000,MSFT.O,45.14577,45.15177,850,238
0D09:43:01.976303000,IBM.N,191.0947,191.1016,241,361
0D09:43:02.976289000,IBM.N,191.0883,191.115,108,407
0D09:43:02.976289000,GS.N,178.4911,178.5073,652,635
0D09:43:03.976299000,VOD.L,341.2906,341.3212,126,926
0D09:43:03.976299000,VOD.L,341.298,341.3318,77,418
0D09:43:04.976290000,GS.N,178.4866,178.5123,732,12
0D09:43:04.976290000,VOD.L,341.2963,341.3279,995,481
0D09:43:05.976291000,MSFT.O,45.14672,45.15446,578,481
0D09:43:05.976291000,GS.N,178.4928,178.5069,920,564
0D09:43:06.976307000,BA.N,128.035,128.0455,360,431
0D09:43:06.976307000,GS.N,178.4996,178.5043,605,922
0D09:43:07.976351000,MSFT.O,45.14846,45.15033,270,366
0D09:43:07.976351000,MSFT.O,45.14611,45.15143,221,347
0D09:43:09.976310000,IBM.N,191.0898,191.113,564,886
0D09:43:09.976310000,VOD.L,341.2844,341.3052,807,262
0D09:43:10.976296000,GS.N,178.5087,178.5267,549,458
0D09:43:10.976296000,IBM.N,191.0828,191.1049,461,274
0D09:43:11.976330000,BA.N,128.0408,128.0518,617,663
0D09:43:11.976330000,MSFT.O,45.14719,45.15035,142,942
0D09:43:12.976375000,VOD.L,341.2746,341.3248,985,273
0D09:43:12.976375000,GS.N,178.5121,178.5341,945,622
0D09:43:13.976313000,GS.N,178.5003,178.5277,1,396
0D09:43:13.976313000,BA.N,128.0361,128.0467,256,11
0D09:43:14.976317000,MSFT.O,45.14713,45.15063,55,465
0D09:43:14.976317000,GS.N,178.5024,178.5211,150,490
0D09:43:15.976349000,BA.N,128.0415,128.0588,650,744
0D09:43:15.976349000,VOD.L,341.2673,341.3105,198,564
0D09:43:16.976279000,GS.N,178.5091,178.5184,44,145
0D09:43:16.976279000,VOD.L,341.2808,341.3315,783,91
0D09:43:17.976285000,GS.N,178.5056,178.5199,864,487
0D09:43:17.976285000,GS.N,178.5154,178.5175,349,642
0D09:43:19.976298000,BA.N,128.0234,128.0449,296,957
0D09:43:19.976298000,BA.N,128.0322,128.0378,850,870
0D09:43:20.976285000,VOD.L,341.2782,341.3185,299,14
0D09:43:20.976285000,IBM.N,191.0813,191.1015,817,32
0D09:43:21.976280000,BA.N,128.0259,128.0414,494,855
0D09:43:21.976280000,IBM.N,191.0866,191.1183,62,191
0D09:43:22.976292000,VOD.L,341.2668,341.3114,741,64
0D09:43:22.976292000,BA.N,128.0269,128.0391,299,708
0D09:43:23.975321000,VOD.L,341.287,341.3336,768,543
0D09:43:23.975321000,IBM.N,191.0994,191.1144,819,488
0D09:43:24.975285000,MSFT.O,45.14458,45.14975,653,678
0D09:43:24.975285000,GS.N,178.5088,178.5202,973,200
0D09:43:25.976404000,IBM.N,191.0939,191.1048,30,191
0D09:43:25.976404000,GS.N,178.513,178.5176,142,970
0D09:43:26.976277000,GS.N,178.504,178.5163,743,574
0D09:43:26.976277000,BA.N,128.0283,128.0347,716,780
0D09:43:27.976276000,GS.N,178.5159,178.5309,11,89
0D09:43:27.976276000,MSFT.O,45.1427,45.15121,227,353
0D09:43:29.976298000,MSFT.O,45.14528,45.1469,100,61
0D09:43:29.976298000,VOD.L,341.2924,341.3283,582,454
0D09:43:30.976285000,BA.N,128.0291,128.0457,516,588
0D09:43:30.976285000,BA.N,128.0248,128.0354,312,600
0D09:43:31.976291000,MSFT.O,45.14685,45.14888,636,577
0D09:43:31.976291000,BA.N,128.0319,128.0408,234,546
0D09:43:32.976304000,BA.N,128.0298,128.0407,387,977
0D09:43:32.976304000,MSFT.O,45.14421,45.1492,739,582
0D09:43:33.976328000,IBM.N,191.0988,191.1121,613,619
0D09:43:33.976328000,GS.N,178.4909,178.5161,145,805
0D09:43:34.976279000,VOD.L,341.3081,341.3439,763,259
0D09:43:34.976279000,IBM.N,191.0884,191.1069,903,149
0D09:43:35.976279000,GS.N,178.5076,178.5178,132,258
0D09:43:35.976279000,VOD.L,341.2917,341.3477,469,175
0D09:43:36.976322000,GS.N,178.4921,178.5184,612,651
0D09:43:36.976322000,IBM.N,191.0995,191.1146,368,620
0D09:43:37.976245000,GS.N,178.4967,178.5152,564,913
0D09:43:37.976245000,MSFT.O,45.14445,45.15068,395,443
0D09:43:39.976295000,BA.N,128.0252,128.037,452,726
0D09:43:39.976295000,VOD.L,341.2889,341.3358,782,213
0D09:43:40.976284000,GS.N,178.5023,178.5195,500,809
0D09:43:40.976284000,GS.N,178.4916,178.5125,164,415
0D09:43:41.976499000,IBM.N,191.1142,191.1272,43,194
0D09:43:41.976499000,BA.N,128.024,128.0291,607,81
0D09:43:42.976259000,GS.N,178.4952,178.5176,288,557
0D09:43:42.976259000,MSFT.O,45.14479,45.14847,421,296
0D09:43:43.976285000,BA.N,128.0248,128.0401,262,602
0D09:43:43.976285000,MSFT.O,45.14266,45.14907,53,47
0D09:43:44.976311000,MSFT.O,45.1463,45.15081,661,923
0D09:43:44.976311000,VOD.L,341.305,341.3242,269,795
0D09:43:45.976325000,MSFT.O,45.14595,45.14776,735,67
0D09:43:45.976325000,BA.N,128.025,128.0326,495,622
0D09:43:46.976278000,VOD.L,341.3105,341.3455,122,504
0D09:43:46.976278000,VOD.L,341.3012,341.3218,598,487
0D09:43:47.975962000,BA.N,128.0171,128.0322,816,325
0D09:43:47.975962000,VOD.L,341.3076,341.3316,671,268
0D09:43:49.975450000,IBM.N,191.0931,191.1235,949,249
0D09:43:49.975450000,GS.N,178.5015,178.5196,171,780
0D09:43:50.976004000,MSFT.O,45.14602,45.15084,990,52
0D09:43:50.976004000,GS.N,178.5059,178.5252,264,259
0D09:43:51.975156000,VOD.L,341.2948,341.3184,557,823
0D09:43:51.975156000,IBM.N,191.0943,191.1223,88,682
0D09:43:52.976272000,IBM.N,191.1011,191.1207,379,321
0D09:43:52.976272000,GS.N,178.5014,178.5228,860,281
0D09:43:53.976312000,MSFT.O,45.14525,45.14894,419,172
0D09:43:53.976312000,IBM.N,191.0905,191.1269,428,240
0D09:43:54.976404000,GS.N,178.4911,178.5254,422,133
0D09:43:54.976404000,BA.N,128.0198,128.0289,574,367
0D09:43:55.976333000,GS.N,178.504,178.51,210,411
0D09:43:55.976333000,IBM.N,191.0925,191.1145,472,336
0D09:43:56.976320000,GS.N,178.4942,178.5257,879,691
0D09:43:56.976320000,VOD.L,341.3136,341.327,991,892
0D09:43:57.976281000,IBM.N,191.0924,191.1109,443,765
0D09:43:57.976281000,MSFT.O,45.14479,45.15053,27,686
0D09:43:59.976350000,GS.N,178.5038,178.5108,529,327
0D09:43:59.976350000,VOD.L,341.2879,341.3393,914,501
0D09:44:00.988142000,IBM.N,191.0899,191.11,661,630
0D09:44:00.988142000,VOD.L,341.288,341.3385,271,306
0D09:44:01.976275000,MSFT.O,45.14898,45.15298,37,19
0D09:44:01.976275000,GS.N,178.4959,178.5092,885,34
0D09:44:02.976276000,VOD.L,341.306,341.3288,493,897
0D09:44:02.976276000,IBM.N,191.1021,191.1134,365,878
0D09:44:03.976291000,IBM.N,191.0949,191.1117,828,630
0D09:44:03.976291000,MSFT.O,45.14846,45.15506,452,30
0D09:44:04.976292000,GS.N,178.4922,178.5218,462,473
0D09:44:04.976292000,GS.N,178.5061,178.5217,615,182
0D09:44:05.976387000,VOD.L,341.2905,341.3448,48,634
0D09:44:05.976387000,IBM.N,191.092,191.1255,929,561
0D09:44:06.976373000,VOD.L,341.3107,341.3401,589,178
0D09:44:06.976373000,MSFT.O,45.15048,45.15466,133,532
0D09:44:07.976259000,BA.N,128.0249,128.0288,386,879
0D09:44:07.976259000,BA.N,128.0227,128.0309,399,555
0D09:44:09.976291000,GS.N,178.4985,178.5229,371,201
0D09:44:09.976291000,MSFT.O,45.1459,45.1515,474,499
0D09:44:10.976311000,MSFT.O,45.14275,45.14727,416,121
0D09:44:10.976311000,GS.N,178.4954,178.5211,302,22
0D09:44:11.976289000,MSFT.O,45.14697,45.15165,918,308
0D09:44:11.976289000,GS.N,178.4965,178.5185,719,806
0D09:44:12.976264000,VOD.L,341.3076,341.3443,505,465
0D09:44:12.976264000,BA.N,128.0191,128.0374,413,131
0D09:44:13.976288000,BA.N,128.0191,128.032,368,61
0D09:44:13.976288000,IBM.N,191.0972,191.1266,340,94
0D09:44:14.976299000,GS.N,178.4941,178.5137,239,700
0D09:44:14.976299000,IBM.N,191.0903,191.125,819,923
0D09:44:15.976296000,GS.N,178.4981,178.5137,988,422
0D09:44:15.976296000,IBM.N,191.1034,191.1234,417,715
0D09:44:16.976982000,IBM.N,191.0976,191.1128,546,835
0D09:44:16.976982000,IBM.N,191.1008,191.1193,896,501
0D09:44:17.976262000,VOD.L,341.3,341.3478,676,198
0D09:44:17.976262000,BA.N,128.0193,128.0325,318,728
0D09:44:19.976288000,IBM.N,191.1044,191.1208,120,46
0D09:44:19.976288000,MSFT.O,45.14299,45.14754,570,810
0D09:44:20.976304000,IBM.N,191.0957,191.1168,189,787
0D09:44:20.976304000,BA.N,128.0053,128.02,315,131
0D09:44:21.976317000,MSFT.O,45.14419,45.14829,720,499
0D09:44:21.976317000,VOD.L,341.3148,341.3242,558,415
0D09:44:22.975161000,GS.N,178.4994,178.5241,796,54
0D09:44:22.975161000,VOD.L,341.2972,341.3343,237,505
0D09:44:23.975537000,BA.N,128.0125,128.0283,965,801
0D09:44:23.975537000,IBM.N,191.108,191.1255,537,654
0D09:44:24.976314000,GS.N,178.498,178.5171,646,255
0D09:44:24.976314000,BA.N,128.007,128.0262,877,265
0D09:44:25.975355000,MSFT.O,45.14421,45.14893,191,106
0D09:44:25.975355000,BA.N,128.014,128.0233,974,923
0D09:44:26.976297000,IBM.N,191.0926,191.1104,945,442
0D09:44:26.976297000,GS.N,178.4992,178.5208,636,987
0D09:44:27.976251000,BA.N,128.0153,128.0231,797,76
0D09:44:27.976251000,GS.N,178.4969,178.5162,284,199
0D09:44:29.976331000,IBM.N,191.0934,191.1169,123,39
0D09:44:29.976331000,VOD.L,341.3009,341.3437,395,796
0D09:44:30.976293000,VOD.L,341.3114,341.3418,986,452
0D09:44:30.976293000,BA.N,128.0068,128.016,12,187
0D09:44:31.976282000,GS.N,178.4932,178.5232,989,633
0D09:44:31.976282000,VOD.L,341.2956,341.3425,337,341
0D09:44:32.976298000,MSFT.O,45.14012,45.14559,484,566
0D09:44:32.976298000,IBM.N,191.1054,191.1269,775,867
0D09:44:33.976288000,VOD.L,341.2995,341.3265,177,430
0D09:44:33.976288000,MSFT.O,45.13865,45.143,406,833
0D09:44:34.976294000,IBM.N,191.0996,191.1149,617,901
0D09:44:34.976294000,IBM.N,191.0892,191.1101,431,760
0D09:44:36.045146000,VOD.L,341.3176,341.3445,238,135
0D09:44:36.045146000,IBM.N,191.1013,191.1145,698,617
0D09:44:36.976240000,MSFT.O,45.14077,45.14321,301,907
0D09:44:36.976240000,MSFT.O,45.13859,45.14737,301,643
0D09:44:37.976286000,IBM.N,191.0961,191.1257,805,455
0D09:44:37.976286000,MSFT.O,45.13908,45.14449,661,216
0D09:44:39.976292000,VOD.L,341.312,341.3288,434,186
0D09:44:39.976292000,IBM.N,191.0966,191.1247,858,534
0D09:44:40.976289000,IBM.N,191.0919,191.1228,998,93
0D09:44:40.976289000,BA.N,128.0191,128.0278,838,884
0D09:44:41.976297000,BA.N,128.0216,128.0269,673,124
0D09:44:41.976297000,VOD.L,341.305,341.3261,122,860
0D09:44:42.976349000,MSFT.O,45.14199,45.14599,182,272
0D09:44:42.976349000,MSFT.O,45.14184,45.14341,445,490
0D09:44:43.976288000,MSFT.O,45.14267,45.143,752,726
0D09:44:43.976288000,GS.N,178.4897,178.5063,725,263
0D09:44:44.976334000,GS.N,178.4926,178.5039,224,713
0D09:44:44.976334000,IBM.N,191.1073,191.1171,274,446
0D09:44:45.976303000,MSFT.O,45.13842,45.14446,393,278
0D09:44:45.976303000,BA.N,128.016,128.0322,715,426
0D09:44:46.976307000,VOD.L,341.2941,341.3406,407,527
0D09:44:46.976307000,IBM.N,191.0896,191.1255,392,452
0D09:44:47.976390000,VOD.L,341.2866,341.3343,293,164
0D09:44:47.976390000,MSFT.O,45.14164,45.14413,672,964
0D09:44:49.976282000,GS.N,178.4882,178.5022,537,58
0D09:44:49.976282000,VOD.L,341.2923,341.351,499,995
0D09:44:50.976303000,VOD.L,341.2937,341.3225,278,757
0D09:44:50.976303000,IBM.N,191.1245,191.1471,941,380
0D09:44:51.976307000,BA.N,128.0122,128.0241,800,282
0D09:44:51.976307000,MSFT.O,45.14101,45.14541,119,301
0D09:44:52.976354000,BA.N,128.0135,128.0223,126,143
0D09:44:52.976354000,GS.N,178.4893,178.5051,708,10
0D09:44:53.976337000,BA.N,128.0179,128.0244,362,596
0D09:44:53.976337000,MSFT.O,45.14,45.14506,519,474
0D09:44:54.975941000,MSFT.O,45.13942,45.14485,957,40
0D09:44:54.975941000,GS.N,178.4932,178.5038,464,332
0D09:44:55.976326000,BA.N,128.02,128.023,19,212
0D09:44:55.976326000,BA.N,128.0186,128.0304,109,508
0D09:44:56.976312000,VOD.L,341.3163,341.3383,958,169
0D09:44:56.976312000,BA.N,128.017,128.0333,428,15
0D09:44:57.976374000,VOD.L,341.3134,341.3426,780,251
0D09:44:57.976374000,BA.N,128.0181,128.0267,482,71
0D09:44:59.976333000,IBM.N,191.1259,191.1484,212,583
0D09:44:59.976333000,IBM.N,191.1273,191.1465,207,546
0D09:45:00.976341000,VOD.L,341.3171,341.3307,365,301
0D09:45:00.976341000,GS.N,178.4858,178.5148,386,951
0D09:45:01.976307000,VOD.L,341.3091,341.3529,848,205
0D09:45:01.976307000,BA.N,128.0151,128.0345,832,628
0D09:45:02.976305000,BA.N,128.0222,128.0316,602,336
0D09:45:02.976305000,MSFT.O,45.14189,45.14328,527,700
0D09:45:03.976316000,BA.N,128.0189,128.0332,228,413
0D09:45:03.976316000,MSFT.O,45.14121,45.14536,246,255
0D09:45:04.976339000,VOD.L,341.2895,341.3377,98,391
0D09:45:04.976339000,VOD.L,341.3183,341.3472,973,572
0D09:45:05.976381000,GS.N,178.4938,178.516,66,841
0D09:45:05.976381000,BA.N,128.0179,128.0236,656,674
0D09:45:06.976351000,IBM.N,191.1406,191.1586,541,404
0D09:45:06.976351000,BA.N,128.019,128.0345,773,380
0D09:45:07.976306000,BA.N,128.01,128.0228,394,122
0D09:45:07.976306000,MSFT.O,45.1392,45.14579,997,639
0D09:45:09.976305000,BA.N,128.0211,128.0331,997,38
0D09:45:09.976305000,VOD.L,341.3084,341.3341,525,351
0D09:45:11.018625000,BA.N,128.0216,128.0328,397,401
0D09:45:11.018625000,BA.N,128.0187,128.0274,104,766
0D09:45:11.976268000,BA.N,128.0185,128.0227,539,78
0D09:45:11.976268000,BA.N,128.0218,128.0273,331,744
0D09:45:12.976288000,MSFT.O,45.1416,45.14434,137,11
0D09:45:12.976288000,MSFT.O,45.13995,45.14652,478,668
0D09:45:13.976281000,BA.N,128.0204,128.0303,834,661
0D09:45:13.976281000,GS.N,178.4892,178.5112,906,735
0D09:45:14.976274000,GS.N,178.4911,178.5205,884,404
0D09:45:14.976274000,IBM.N,191.1358,191.1574,319,930
0D09:45:15.976291000,VOD.L,341.3065,341.3222,105,189
0D09:45:15.976291000,IBM.N,191.1388,191.1474,474,548
0D09:45:16.976284000,IBM.N,191.1373,191.1522,738,638
0D09:45:16.976284000,VOD.L,341.3025,341.3494,326,53
0D09:45:17.976291000,IBM.N,191.1314,191.1598,519,371
0D09:45:17.976291000,VOD.L,341.2907,341.343,560,104
0D09:45:19.976332000,MSFT.O,45.13927,45.14293,426,512
0D09:45:19.976332000,VOD.L,341.3056,341.3508,54,434
0D09:45:20.976383000,MSFT.O,45.13882,45.14659,394,983
0D09:45:20.976383000,VOD.L,341.3185,341.3483,886,941
0D09:45:21.976339000,VOD.L,341.3145,341.3277,187,630
0D09:45:21.976339000,IBM.N,191.1457,191.1723,723,309
0D09:45:22.976299000,IBM.N,191.1446,191.1718,661,45
0D09:45:22.976299000,MSFT.O,45.13929,45.14424,279,415
0D09:45:23.976299000,IBM.N,191.1344,191.1663,897,872
0D09:45:23.976299000,IBM.N,191.1413,191.159,65,24
0D09:45:24.976294000,BA.N,128.0214,128.023,66,849
0D09:45:24.976294000,BA.N,128.0117,128.0321,483,808
0D09:45:25.976284000,VOD.L,341.3015,341.3523,601,658
0D09:45:25.976284000,VOD.L,341.2968,341.3538,508,738
0D09:45:26.976288000,GS.N,178.5,178.5067,722,558
0D09:45:26.976288000,GS.N,178.5046,178.5075,472,126
0D09:45:27.976286000,IBM.N,191.1414,191.1623,499,766
0D09:45:27.976286000,GS.N,178.4883,178.5205,489,236
0D09:45:29.976292000,GS.N,178.4942,178.5079,840,388
0D09:45:29.976292000,BA.N,128.017,128.0305,527,296
0D09:45:30.976285000,VOD.L,341.3069,341.3226,111,116
0D09:45:30.976285000,GS.N,178.5014,178.5222,193,639
0D09:45:31.976285000,VOD.L,341.304,341.3442,673,200
0D09:45:31.976285000,BA.N,128.019,128.0369,736,839
0D09:45:32.976308000,GS.N,178.4932,178.5176,85,116
0D09:45:32.976308000,MSFT.O,45.14288,45.14732,311,740
0D09:45:33.976278000,BA.N,128.0242,128.0294,691,573
0D09:45:33.976278000,MSFT.O,45.14283,45.1455,842,129
0D09:45:34.976292000,IBM.N,191.1471,191.1626,753,225
0D09:45:34.976292000,MSFT.O,45.14241,45.14788,921,83
0D09:45:35.975494000,MSFT.O,45.14293,45.14852,47,348
0D09:45:35.975494000,BA.N,128.0275,128.0404,179,263
0D09:45:36.976365000,MSFT.O,45.14079,45.14666,908,750
0D09:45:36.976365000,GS.N,178.5019,178.5111,931,313
0D09:45:37.976329000,MSFT.O,45.14001,45.14685,904,322
0D09:45:37.976329000,GS.N,178.4999,178.514,14,715
0D09:45:39.976375000,MSFT.O,45.14178,45.14496,863,236
0D09:45:39.976375000,VOD.L,341.3044,341.3413,577,765
0D09:45:40.976357000,GS.N,178.4939,178.51,936,510
0D09:45:40.976357000,MSFT.O,45.14201,45.14619,576,740
0D09:45:41.976291000,GS.N,178.4869,178.5109,822,953
0D09:45:41.976291000,VOD.L,341.291,341.3476,177,904
0D09:45:42.976299000,IBM.N,191.1632,191.1794,958,94
0D09:45:42.976299000,MSFT.O,45.14084,45.14573,316,184
0D09:45:43.976297000,VOD.L,341.2908,341.3282,609,138
0D09:45:43.976297000,GS.N,178.4937,178.508,176,323
0D09:45:44.976302000,IBM.N,191.1536,191.1817,11,162
0D09:45:44.976302000,IBM.N,191.1506,191.1793,198,537
0D09:45:45.976311000,MSFT.O,45.13993,45.1438,73,880
0D09:45:45.976311000,BA.N,128.0171,128.0409,704,913
0D09:45:46.976323000,MSFT.O,45.14104,45.1448,899,404
0D09:45:46.976323000,VOD.L,341.2906,341.3336,430,110
0D09:45:47.976315000,MSFT.O,45.13954,45.14662,922,229
0D09:45:47.976315000,GS.N,178.5041,178.5105,740,951
0D09:45:49.976306000,VOD.L,341.3076,341.3312,287,23
0D09:45:49.976306000,IBM.N,191.1693,191.1753,491,949
0D09:45:50.976319000,GS.N,178.4736,178.5089,286,725
0D09:45:50.976319000,GS.N,178.476,178.5058,46,172
0D09:45:51.976352000,BA.N,128.0286,128.0294,508,79
0D09:45:51.976352000,GS.N,178.4738,178.5087,121,475
0D09:45:52.976299000,VOD.L,341.2958,341.3268,467,952
0D09:45:52.976299000,IBM.N,191.168,191.1891,541,977
0D09:45:53.976302000,BA.N,128.0167,128.033,253,924
0D09:45:53.976302000,BA.N,128.0267,128.0392,89,330
0D09:45:54.976333000,GS.N,178.4897,178.5075,165,256
0D09:45:54.976333000,MSFT.O,45.13861,45.14391,496,641
0D09:45:55.976289000,IBM.N,191.1602,191.1714,791,885
0D09:45:55.976289000,VOD.L,341.2894,341.3359,908,779
0D09:45:56.976281000,VOD.L,341.3054,341.3274,871,142
0D09:45:56.976281000,BA.N,128.0179,128.033,52,985
0D09:45:57.976307000,MSFT.O,45.13875,45.14643,40,268
0D09:45:57.976307000,GS.N,178.4783,178.5008,686,931
0D09:45:59.976368000,GS.N,178.4858,178.5036,611,586
0D09:45:59.976368000,VOD.L,341.2938,341.3317,340,207
0D09:46:00.976317000,MSFT.O,45.14232,45.14672,805,376
0D09:46:00.976317000,BA.N,128.0179,128.0413,375,856
0D09:46:01.976301000,VOD.L,341.278,341.3139,995,420
0D09:46:01.976301000,BA.N,128.0288,128.0405,730,235
0D09:46:02.976290000,MSFT.O,45.14185,45.14315,530,831
0D09:46:02.976290000,GS.N,178.4854,178.4982,482,243
0D09:46:03.976295000,MSFT.O,45.14133,45.14572,313,804
0D09:46:03.976295000,GS.N,178.4762,178.4991,160,680
0D09:46:04.976324000,GS.N,178.4755,178.4942,92,5
0D09:46:04.976324000,VOD.L,341.3028,341.3291,182,593
0D09:46:05.976358000,VOD.L,341.2838,341.3308,888,821
0D09:46:05.976358000,IBM.N,191.1676,191.175,459,980
0D09:46:06.976285000,MSFT.O,45.14184,45.14724,550,213
0D09:46:06.976285000,IBM.N,191.1661,191.1755,733,791
0D09:46:07.976282000,MSFT.O,45.13928,45.14645,346,857
0D09:46:07.976282000,BA.N,128.0266,128.034,999,868
0D09:46:09.976280000,MSFT.O,45.14694,45.14941,104,442
0D09:46:09.976280000,MSFT.O,45.14454,45.15162,474,945
0D09:46:10.976272000,IBM.N,191.1538,191.1872,659,390
0D09:46:10.976272000,IBM.N,191.1554,191.1786,755,337
0D09:46:11.976286000,IBM.N,191.1525,191.187,21,267
0D09:46:11.976286000,BA.N,128.016,128.0301,274,605
0D09:46:12.976305000,VOD.L,341.2904,341.3086,517,694
0D09:46:12.976305000,VOD.L,341.2739,341.3222,659,312
0D09:46:13.976332000,BA.N,128.0122,128.0272,37,560
0D09:46:13.976332000,VOD.L,341.2855,341.3254,771,904
0D09:46:14.976302000,MSFT.O,45.14371,45.14793,191,833
0D09:46:14.976302000,MSFT.O,45.14441,45.15119,322,914
0D09:46:15.976275000,VOD.L,341.2718,341.3254,602,962
0D09:46:15.976275000,BA.N,128.0128,128.0223,194,276
0D09:46:16.976289000,VOD.L,341.2836,341.3125,614,550
0D09:46:16.976289000,VOD.L,341.2759,341.3128,613,931
0D09:46:17.976295000,IBM.N,191.1611,191.18,37,587
0D09:46:17.976295000,IBM.N,191.17,191.1723,23,360
0D09:46:19.976271000,IBM.N,191.1588,191.1735,237,319
0D09:46:19.976271000,GS.N,178.4884,178.5056,663,808
0D09:46:20.975749000,MSFT.O,45.14583,45.14876,659,467
0D09:46:20.975749000,VOD.L,341.2961,341.3138,497,977
0D09:46:21.976334000,VOD.L,341.302,341.3378,556,162
0D09:46:21.976334000,IBM.N,191.1694,191.1808,53,820
0D09:46:22.976342000,VOD.L,341.2711,341.3198,58,473
0D09:46:22.976342000,GS.N,178.4724,178.5018,729,597
0D09:46:23.976292000,VOD.L,341.2821,341.306,93,135
0D09:46:23.976292000,GS.N,178.4827,178.4946,117,616
0D09:46:24.976274000,GS.N,178.4877,178.5065,271,534
0D09:46:24.976274000,BA.N,128.0131,128.0225,732,450
0D09:46:25.976297000,VOD.L,341.2816,341.3311,488,463
0D09:46:25.976297000,GS.N,178.4833,178.5075,135,235
0D09:46:26.976304000,VOD.L,341.3029,341.3183,850,964
0D09:46:26.976304000,BA.N,128.0138,128.0219,994,844
0D09:46:27.976286000,GS.N,178.4862,178.4946,564,306
0D09:46:27.976286000,MSFT.O,45.14667,45.14809,630,433
0D09:46:29.976364000,VOD.L,341.2742,341.3278,336,36
0D09:46:29.976364000,VOD.L,341.2963,341.3158,906,898
0D09:46:30.976318000,BA.N,128.019,128.0246,348,677
0D09:46:30.976318000,VOD.L,341.3041,341.335,900,741
0D09:46:31.976300000,BA.N,128.0201,128.0279,682,624
0D09:46:31.976300000,BA.N,128.0196,128.0285,437,436
0D09:46:32.976302000,IBM.N,191.1708,191.1966,871,99
0D09:46:32.976302000,VOD.L,341.2953,341.3084,166,299
0D09:46:33.976302000,MSFT.O,45.14512,45.14893,691,746
0D09:46:33.976302000,GS.N,178.4894,178.5069,213,623
0D09:46:34.976308000,IBM.N,191.1826,191.1989,952,624
0D09:46:34.976308000,VOD.L,341.2717,341.3322,122,856
0D09:46:35.976290000,MSFT.O,45.14364,45.14763,604,433
0D09:46:35.976290000,VOD.L,341.2731,341.332,30,409
0D09:46:36.976287000,IBM.N,191.1822,191.1934,780,519
0D09:46:36.976287000,BA.N,128.0181,128.0278,998,400
0D09:46:37.976278000,VOD.L,341.295,341.3135,624,678
0D09:46:37.976278000,IBM.N,191.1739,191.2062,524,189
0D09:46:39.976353000,VOD.L,341.2748,341.3385,210,258
0D09:46:39.976353000,GS.N,178.4907,178.5144,662,580
0D09:46:40.976345000,IBM.N,191.1739,191.2031,16,787
0D09:46:40.976345000,VOD.L,341.2767,341.335,864,823
0D09:46:41.976290000,MSFT.O,45.14978,45.15191,906,497
0D09:46:41.976290000,VOD.L,341.2843,341.3207,320,137
0D09:46:42.976299000,MSFT.O,45.14869,45.15204,535,482
0D09:46:42.976299000,BA.N,128.0089,128.0302,596,169
0D09:46:43.976279000,IBM.N,191.1844,191.2013,855,701
0D09:46:43.976279000,BA.N,128.0175,128.023,413,606
0D09:46:44.976282000,GS.N,178.4873,178.5089,610,494
0D09:46:44.976282000,BA.N,128.0205,128.0277,106,905
0D09:46:45.976303000,MSFT.O,45.14696,45.15411,641,891
0D09:46:45.976303000,VOD.L,341.2938,341.3358,356,874
0D09:46:46.976324000,BA.N,128.0093,128.0291,531,597
0D09:46:46.976324000,BA.N,128.0204,128.0309,784,469
0D09:46:47.976378000,VOD.L,341.2859,341.3253,243,413
0D09:46:47.976378000,BA.N,128.0207,128.0232,432,204
0D09:46:49.976287000,IBM.N,191.1857,191.2107,378,184
0D09:46:49.976287000,VOD.L,341.2817,341.3381,925,624
0D09:46:50.976392000,VOD.L,341.2935,341.3381,195,218
0D09:46:50.976392000,BA.N,128.0304,128.0316,911,552
0D09:46:51.976346000,BA.N,128.0256,128.0383,809,268
0D09:46:51.976346000,VOD.L,341.2963,341.3198,384,298
0D09:46:52.976285000,VOD.L,341.2753,341.3322,782,310
0D09:46:52.976285000,IBM.N,191.1797,191.2048,789,28
0D09:46:53.976271000,GS.N,178.4873,178.5056,936,530
0D09:46:53.976271000,GS.N,178.4888,178.5079,908,764
0D09:46:54.976290000,VOD.L,341.2775,341.3323,924,139
0D09:46:54.976290000,VOD.L,341.3016,341.3388,501,809
0D09:46:55.976299000,BA.N,128.0212,128.0418,216,822
0D09:46:55.976299000,VOD.L,341.2783,341.3352,998,583
0D09:46:56.976284000,BA.N,128.0205,128.0384,870,238
0D09:46:56.976284000,MSFT.O,45.14724,45.15567,783,764
0D09:46:57.976306000,BA.N,128.0218,128.0382,29,414
0D09:46:57.976306000,VOD.L,341.3045,341.3274,747,774
0D09:46:59.976322000,IBM.N,191.1891,191.2022,625,840
0D09:46:59.976322000,VOD.L,341.3027,341.3202,171,765
0D09:47:00.976349000,BA.N,128.0211,128.0348,657,296
0D09:47:00.976349000,VOD.L,341.2803,341.3239,981,457
0D09:47:01.976341000,MSFT.O,45.14976,45.1519,194,83
0D09:47:01.976341000,VOD.L,341.3001,341.3159,280,700
0D09:47:02.976431000,IBM.N,191.1841,191.1928,764,213
0D09:47:02.976431000,VOD.L,341.2712,341.3222,110,830
0D09:47:03.976317000,BA.N,128.0267,128.0359,10,386
0D09:47:03.976317000,BA.N,128.0264,128.0386,391,114
0D09:47:04.976297000,GS.N,178.4893,178.5131,21,772
0D09:47:04.976297000,VOD.L,341.2774,341.3052,632,806
0D09:47:05.976304000,IBM.N,191.1781,191.2044,804,68
0D09:47:05.976304000,VOD.L,341.2915,341.3239,974,202
0D09:47:06.976300000,IBM.N,191.1728,191.1943,948,826
0D09:47:06.976300000,GS.N,178.496,178.5011,797,255
0D09:47:07.976303000,MSFT.O,45.15095,45.15319,836,709
0D09:47:07.976303000,IBM.N,191.18,191.206,371,895
0D09:47:09.976331000,MSFT.O,45.15038,45.15389,104,612
0D09:47:09.976331000,BA.N,128.0213,128.028,766,247
0D09:47:10.976390000,VOD.L,341.2949,341.3057,672,662
0D09:47:10.976390000,IBM.N,191.1729,191.2056,622,533
0D09:47:11.976360000,MSFT.O,45.14845,45.15322,218,203
0D09:47:11.976360000,MSFT.O,45.14699,45.15319,956,293
0D09:47:12.976351000,IBM.N,191.181,191.2089,336,287
0D09:47:12.976351000,GS.N,178.4815,178.5006,736,358
0D09:47:13.976289000,MSFT.O,45.1485,45.15567,947,968
0D09:47:13.976289000,GS.N,178.4735,178.5027,79,741
0D09:47:14.976285000,GS.N,178.4866,178.5043,183,13
0D09:47:14.976285000,MSFT.O,45.14965,45.15208,752,842
0D09:47:15.976289000,BA.N,128.0187,128.027,840,670
0D09:47:15.976289000,IBM.N,191.185,191.1999,829,662
0D09:47:16.976302000,IBM.N,191.1738,191.2094,325,839
0D09:47:16.976302000,BA.N,128.0186,128.029,559,395
0D09:47:17.976337000,BA.N,128.0174,128.0273,331,977
0D09:47:17.976337000,MSFT.O,45.14995,45.15203,925,978
0D09:47:19.976279000,VOD.L,341.2843,341.3131,583,403
0D09:47:19.976279000,IBM.N,191.1774,191.1997,409,581
0D09:47:20.976301000,GS.N,178.488,178.5084,657,491
0D09:47:20.976301000,BA.N,128.0141,128.0353,954,388
0D09:47:21.976367000,IBM.N,191.1883,191.2055,475,659
0D09:47:21.976367000,IBM.N,191.1754,191.2037,94,616
0D09:47:22.976388000,GS.N,178.4854,178.516,249,681
0D09:47:22.976388000,BA.N,128.022,128.033,97,528
0D09:47:23.976293000,MSFT.O,45.14895,45.14953,136,841
0D09:47:23.976293000,BA.N,128.0192,128.0242,234,702
0D09:47:24.976304000,GS.N,178.4883,178.5077,912,198
0D09:47:24.976304000,BA.N,128.0146,128.0338,679,821
0D09:47:25.976308000,IBM.N,191.1759,191.1909,935,943
0D09:47:25.976308000,BA.N,128.0138,128.0283,229,765
0D09:47:26.976331000,BA.N,128.0116,128.0271,158,144
0D09:47:26.976331000,GS.N,178.4882,178.5057,754,858
0D09:47:27.976357000,GS.N,178.4889,178.5154,602,197
0D09:47:27.976357000,GS.N,178.5003,178.5133,213,213
0D09:47:29.976297000,GS.N,178.4995,178.5176,393,391
0D09:47:29.976297000,MSFT.O,45.15539,45.16019,252,423
0D09:47:30.976278000,MSFT.O,45.15655,45.16268,404,567
0D09:47:30.976278000,VOD.L,341.2909,341.3183,815,634
0D09:47:31.976282000,VOD.L,341.2966,341.317,917,31
0D09:47:31.976282000,MSFT.O,45.15644,45.15835,597,917
0D09:47:32.976277000,VOD.L,341.2741,341.3356,784,391
0D09:47:32.976277000,IBM.N,191.1744,191.1957,584,63
0D09:47:33.976283000,BA.N,128.0225,128.029,17,973
0D09:47:33.976283000,BA.N,128.0179,128.031,839,228
0D09:47:34.976298000,GS.N,178.4887,178.5158,981,494
0D09:47:34.976298000,IBM.N,191.1764,191.2042,679,163
0D09:47:35.976306000,MSFT.O,45.15767,45.15845,403,904
0D09:47:35.976306000,GS.N,178.4856,178.5104,867,893
0D09:47:36.976297000,VOD.L,341.2866,341.3383,55,311
0D09:47:36.976297000,MSFT.O,45.15775,45.15956,694,841
0D09:47:37.976277000,VOD.L,341.2733,341.3065,573,34
0D09:47:37.976277000,IBM.N,191.1832,191.2018,118,962
0D09:47:39.976293000,IBM.N,191.1743,191.2021,145,899
0D09:47:39.976293000,VOD.L,341.2838,341.3148,250,660
0D09:47:40.976280000,BA.N,128.012,128.0344,864,632
0D09:47:40.976280000,GS.N,178.4951,178.5031,12,777
0D09:47:41.976281000,MSFT.O,45.15738,45.15942,687,212
0D09:47:41.976281000,VOD.L,341.3031,341.3417,98,56
0D09:47:42.976275000,GS.N,178.4924,178.5033,138,617
0D09:47:42.976275000,MSFT.O,45.15612,45.16018,681,145
0D09:47:43.976271000,GS.N,178.4895,178.5136,961,810
0D09:47:43.976271000,VOD.L,341.3024,341.3375,47,932
0D09:47:44.976277000,MSFT.O,45.15596,45.15999,533,721
0D09:47:44.976277000,MSFT.O,45.15653,45.16028,196,399
0D09:47:45.976288000,IBM.N,191.1806,191.197,919,317
0D09:47:45.976288000,BA.N,128.02,128.0252,1,868
0D09:47:46.976298000,MSFT.O,45.15737,45.16099,150,516
0D09:47:46.976298000,GS.N,178.489,178.5086,908,23
0D09:47:47.976348000,BA.N,128.0168,128.0282,968,901
0D09:47:47.976348000,VOD.L,341.2881,341.3392,201,84
0D09:47:49.976326000,VOD.L,341.3119,341.3365,405,712
0D09:47:49.976326000,IBM.N,191.1773,191.1906,616,907
0D09:47:50.976274000,VOD.L,341.2877,341.3167,147,687
0D09:47:50.976274000,VOD.L,341.2835,341.3321,268,877
0D09:47:51.976276000,IBM.N,191.1764,191.1992,38,597
0D09:47:51.976276000,GS.N,178.4986,178.5041,518,901
0D09:47:52.976268000,MSFT.O,45.15867,45.16035,941,436
0D09:47:52.976268000,MSFT.O,45.15516,45.1619,348,447
0D09:47:53.976274000,MSFT.O,45.1543,45.16289,869,587
0D09:47:53.976274000,BA.N,128.0132,128.0283,731,23
0D09:47:54.976289000,VOD.L,341.2933,341.3154,182,894
0D09:47:54.976289000,IBM.N,191.1845,191.1922,945,577
0D09:47:55.976265000,GS.N,178.4959,178.5118,850,50
0D09:47:55.976265000,VOD.L,341.297,341.3232,883,308
0D09:47:56.976620000,IBM.N,191.1758,191.1934,2,507
0D09:47:56.976620000,VOD.L,341.3094,341.3174,333,842
0D09:47:57.976268000,GS.N,178.4955,178.5088,9,908
0D09:47:57.976268000,GS.N,178.496,178.5157,468,423
0D09:47:59.976283000,IBM.N,191.1904,191.1955,225,507
0D09:47:59.976283000,VOD.L,341.2997,341.3287,970,745
0D09:48:00.976301000,BA.N,128.0076,128.0161,241,818
0D09:48:00.976301000,BA.N,128.0013,128.0169,703,78
0D09:48:01.976315000,IBM.N,191.1835,191.2071,837,28
0D09:48:01.976315000,BA.N,128.0094,128.0224,439,876
0D09:48:02.976291000,BA.N,128.0132,128.0221,467,666
0D09:48:02.976291000,VOD.L,341.3039,341.329,538,836
0D09:48:03.975952000,MSFT.O,45.15838,45.16068,446,349
0D09:48:03.975952000,MSFT.O,45.1558,45.16119,692,688
0D09:48:04.976305000,MSFT.O,45.15661,45.1639,651,401
0D09:48:04.976305000,GS.N,178.4923,178.5136,130,447
0D09:48:05.976291000,IBM.N,191.1778,191.1992,113,961
0D09:48:05.976291000,BA.N,128.0067,128.0261,60,438
0D09:48:06.976345000,VOD.L,341.29,341.3321,436,172
0D09:48:06.976345000,MSFT.O,45.15781,45.16077,609,884
0D09:48:07.976295000,IBM.N,191.1796,191.195,422,572
0D09:48:07.976295000,VOD.L,341.2836,341.3441,557,595
0D09:48:09.976297000,BA.N,128.0037,128.0253,577,92
0D09:48:09.976297000,GS.N,178.4972,178.5015,387,550
0D09:48:10.976296000,GS.N,178.4825,178.5047,633,574
0D09:48:10.976296000,GS.N,178.4952,178.5131,640,457
0D09:48:11.976290000,GS.N,178.4913,178.5089,556,868
0D09:48:11.976290000,BA.N,128.0123,128.0155,829,864
0D09:48:12.976285000,GS.N,178.4814,178.5065,420,675
0D09:48:12.976285000,BA.N,128.0104,128.0204,591,486
0D09:48:13.976291000,BA.N,128.011,128.0151,120,818
0D09:48:13.976291000,VOD.L,341.3208,341.366,450,5
0D09:48:14.976326000,VOD.L,341.3382,341.3573,846,159
0D09:48:14.976326000,MSFT.O,45.1587,45.16275,834,900
0D09:48:15.976370000,MSFT.O,45.15711,45.16236,348,159
0D09:48:15.976370000,BA.N,128.0101,128.0196,477,931
0D09:48:16.976331000,BA.N,128.0084,128.0221,204,764
0D09:48:16.976331000,BA.N,128.0139,128.0145,887,653
0D09:48:17.976331000,VOD.L,341.337,341.3537,138,782
0D09:48:17.976331000,VOD.L,341.3162,341.3676,898,250
0D09:48:19.976315000,IBM.N,191.1798,191.201,486,180
0D09:48:19.976315000,IBM.N,191.1728,191.1912,518,294
0D09:48:20.976347000,VOD.L,341.3319,341.3583,795,83
0D09:48:20.976347000,BA.N,127.9955,128.0086,895,226
0D09:48:21.976406000,GS.N,178.491,178.506,855,676
0D09:48:21.976406000,BA.N,127.9994,128.0198,619,254
0D09:48:22.976398000,VOD.L,341.3106,341.3644,360,972
0D09:48:22.976398000,GS.N,178.4896,178.5085,150,500
0D09:48:23.976299000,MSFT.O,45.15846,45.16307,605,493
0D09:48:23.976299000,GS.N,178.4879,178.5079,521,407
0D09:48:24.976336000,IBM.N,191.1806,191.2067,846,726
0D09:48:24.976336000,MSFT.O,45.15774,45.16167,400,871
0D09:48:25.976293000,VOD.L,341.3337,341.3537,581,981
0D09:48:25.976293000,VOD.L,341.3352,341.342,914,717
0D09:48:26.976335000,VOD.L,341.3322,341.3628,74,743
0D09:48:26.976335000,IBM.N,191.186,191.1945,18,853
0D09:48:27.976298000,IBM.N,191.1873,191.204,215,704
0D09:48:27.976298000,IBM.N,191.1886,191.2055,674,821
0D09:48:29.976355000,IBM.N,191.1858,191.2033,32,492
0D09:48:29.976355000,IBM.N,191.1721,191.2087,370,796
0D09:48:30.976321000,VOD.L,341.2892,341.3493,918,415
0D09:48:30.976321000,IBM.N,191.1769,191.2007,453,336
0D09:48:31.976313000,BA.N,128.0005,128.0176,267,131
0D09:48:31.976313000,BA.N,127.9999,128.0114,844,341
0D09:48:32.976308000,MSFT.O,45.1592,45.16088,159,80
0D09:48:32.976308000,IBM.N,191.1836,191.1952,391,693
0D09:48:33.976310000,BA.N,127.9986,128.0121,405,537
0D09:48:33.976310000,MSFT.O,45.15628,45.1643,549,583
0D09:48:34.976385000,IBM.N,191.1857,191.209,737,611
0D09:48:34.976385000,VOD.L,341.2858,341.3284,867,820
0D09:48:35.976392000,VOD.L,341.2858,341.3484,183,448
0D09:48:35.976392000,GS.N,178.4746,178.4923,303,441
0D09:48:36.976394000,BA.N,128.004,128.0204,83,483
0D09:48:36.976394000,VOD.L,341.2923,341.3388,716,748
0D09:48:37.976344000,BA.N,128.0022,128.0138,97,14
0D09:48:37.976344000,BA.N,128.0061,128.0155,867,948
0D09:48:39.976305000,BA.N,127.9978,128.0205,570,657
0D09:48:39.976305000,IBM.N,191.1802,191.1964,817,917
0D09:48:40.976300000,VOD.L,341.2978,341.3446,621,840
0D09:48:40.976300000,BA.N,127.9968,128.0121,764,279
0D09:48:41.976291000,VOD.L,341.3104,341.3155,44,395
0D09:48:41.976291000,BA.N,127.9992,128.0083,162,928
0D09:48:42.976281000,IBM.N,191.1719,191.1993,565,404
0D09:48:42.976281000,BA.N,127.9999,128.0107,120,725
0D09:48:43.976310000,BA.N,127.9992,128.0201,97,541
0D09:48:43.976310000,MSFT.O,45.15581,45.16246,999,275
0D09:48:44.976377000,GS.N,178.4751,178.501,642,433
0D09:48:44.976377000,BA.N,128.0027,128.017,713,912
0D09:48:45.976383000,GS.N,178.473,178.4931,296,325
0D09:48:45.976383000,GS.N,178.486,178.4957,416,285
0D09:48:46.976384000,MSFT.O,45.15687,45.16163,643,347
0D09:48:46.976384000,VOD.L,341.3095,341.34,22,991
0D09:48:47.976364000,VOD.L,341.2885,341.3316,909,21
0D09:48:47.976364000,BA.N,127.9964,128.0125,910,867
0D09:48:49.976337000,VOD.L,341.3062,341.3492,206,73
0D09:48:49.976337000,MSFT.O,45.15815,45.16036,747,979
0D09:48:50.976313000,BA.N,128.0069,128.0126,121,894
0D09:48:50.976313000,VOD.L,341.3196,341.3627,645,317
0D09:48:51.976320000,GS.N,178.4749,178.5046,453,867
0D09:48:51.976320000,BA.N,128.0022,128.0162,231,276
0D09:48:52.976373000,IBM.N,191.1606,191.1774,34,474
0D09:48:52.976373000,MSFT.O,45.15929,45.16383,167,551
0D09:48:53.976384000,VOD.L,341.3138,341.3524,157,602
0D09:48:53.976384000,VOD.L,341.2978,341.3586,474,393
0D09:48:54.976370000,IBM.N,191.1659,191.1859,323,271
0D09:48:54.976370000,VOD.L,341.3133,341.3414,212,4
0D09:48:55.976296000,GS.N,178.4891,178.495,691,919
0D09:48:55.976296000,IBM.N,191.1678,191.1857,527,164
0D09:48:56.976316000,BA.N,128.0079,128.0129,178,554
0D09:48:56.976316000,VOD.L,341.3293,341.3531,679,380
0D09:48:57.976354000,IBM.N,191.1645,191.1864,300,362
0D09:48:57.976354000,MSFT.O,45.16015,45.16042,275,317
0D09:48:59.976361000,BA.N,127.9883,128.0053,154,963
0D09:48:59.976361000,GS.N,178.4792,178.5019,190,626
0D09:49:00.976314000,IBM.N,191.1636,191.1699,768,89
0D09:49:00.976314000,IBM.N,191.1566,191.1745,587,140
0D09:49:01.976398000,VOD.L,341.328,341.3457,275,300
0D09:49:01.976398000,BA.N,127.9964,128.0093,34,839
0D09:49:02.976386000,GS.N,178.4892,178.4957,747,23
0D09:49:02.976386000,MSFT.O,45.16011,45.16718,475,545
0D09:49:03.976338000,BA.N,127.9984,128.0104,32,234
0D09:49:03.976338000,GS.N,178.4845,178.4911,392,143
0D09:49:04.976333000,VOD.L,341.3153,341.3399,285,170
0D09:49:04.976333000,GS.N,178.4759,178.4976,514,619
0D09:49:05.976292000,IBM.N,191.1593,191.183,337,700
0D09:49:05.976292000,GS.N,178.4893,178.5016,973,299
0D09:49:06.976313000,VOD.L,341.3046,341.3574,388,34
0D09:49:06.976313000,VOD.L,341.3026,341.3474,873,912
0D09:49:07.976304000,BA.N,127.9926,128.0069,600,611
0D09:49:07.976304000,VOD.L,341.306,341.3426,257,352
0D09:49:09.976303000,BA.N,127.988,127.9974,839,549
0D09:49:09.976303000,GS.N,178.4861,178.499,755,527
0D09:49:10.976303000,MSFT.O,45.16414,45.16939,564,920
0D09:49:10.976303000,VOD.L,341.2965,341.3378,199,387
0D09:49:11.976308000,VOD.L,341.3282,341.3479,600,157
0D09:49:11.976308000,GS.N,178.4862,178.497,218,236
0D09:49:12.976314000,MSFT.O,45.16321,45.16704,797,334
0D09:49:12.976314000,MSFT.O,45.16411,45.17058,909,456
0D09:49:13.976291000,MSFT.O,45.1654,45.17012,284,529
0D09:49:13.976291000,MSFT.O,45.16252,45.17022,217,749
0D09:49:14.976289000,MSFT.O,45.16661,45.16867,563,129
0D09:49:14.976289000,IBM.N,191.156,191.171,999,205
0D09:49:15.976314000,MSFT.O,45.16675,45.16833,959,30
0D09:49:15.976314000,IBM.N,191.1546,191.1805,326,692
0D09:49:16.976292000,GS.N,178.4843,178.4983,183,481
0D09:49:16.976292000,VOD.L,341.3056,341.3476,787,812
0D09:49:17.976314000,MSFT.O,45.16673,45.16713,523,21
0D09:49:17.976314000,VOD.L,341.3059,341.3513,860,819
0D09:49:19.976317000,GS.N,178.4834,178.4913,871,361
0D09:49:19.976317000,MSFT.O,45.16685,45.17139,821,139
0D09:49:20.976289000,IBM.N,191.1653,191.1831,873,970
0D09:49:20.976289000,GS.N,178.4774,178.5063,344,652
0D09:49:21.976295000,GS.N,178.4724,178.4996,951,750
0D09:49:21.976295000,VOD.L,341.3233,341.3358,41,590
0D09:49:22.976275000,IBM.N,191.1588,191.1753,563,711
0D09:49:22.976275000,GS.N,178.4783,178.5009,118,566
0D09:49:23.976299000,GS.N,178.4756,178.5065,552,395
0D09:49:23.976299000,MSFT.O,45.16467,45.1698,778,582
0D09:49:24.976296000,IBM.N,191.1504,191.172,72,242
0D09:49:24.976296000,BA.N,127.9865,128.0046,765,62
0D09:49:25.976281000,MSFT.O,45.16499,45.17076,543,861
0D09:49:25.976281000,BA.N,127.9939,127.9992,584,869
0D09:49:26.976291000,GS.N,178.4871,178.4963,659,409
0D09:49:26.976291000,BA.N,127.9875,127.9954,832,436
0D09:49:27.976303000,BA.N,127.985,128.0074,572,600
0D09:49:27.976303000,GS.N,178.4745,178.4972,497,112
0D09:49:29.976362000,GS.N,178.4634,178.4922,68,356
0D09:49:29.976362000,BA.N,127.9881,128.001,76,713
0D09:49:30.976318000,IBM.N,191.1639,191.1705,786,677
0D09:49:30.976318000,VOD.L,341.3039,341.3388,785,738
0D09:49:31.976372000,VOD.L,341.3133,341.3352,11,917
0D09:49:31.976372000,IBM.N,191.1598,191.1834,205,561
0D09:49:32.976297000,BA.N,127.985,127.9991,760,794
0D09:49:32.976297000,BA.N,127.9941,128.0066,33,823
0D09:49:33.976281000,GS.N,178.476,178.4955,276,998
0D09:49:33.976281000,MSFT.O,45.16443,45.16719,794,398
0D09:49:34.976314000,BA.N,127.9903,128.0032,35,265
0D09:49:34.976314000,VOD.L,341.3022,341.3233,606,955
0D09:49:35.976299000,IBM.N,191.1687,191.1755,960,699
0D09:49:35.976299000,VOD.L,341.3021,341.3214,519,997
0D09:49:36.976355000,VOD.L,341.3056,341.3431,235,144
0D09:49:36.976355000,BA.N,127.9843,128.0081,656,183
0D09:49:37.976283000,IBM.N,191.1602,191.178,905,203
0D09:49:37.976283000,MSFT.O,45.16426,45.17044,915,659
0D09:49:39.976290000,BA.N,127.9863,128.0054,394,86
0D09:49:39.976290000,MSFT.O,45.16409,45.16818,298,878
0D09:49:40.976313000,IBM.N,191.1329,191.1609,229,700
0D09:49:40.976313000,IBM.N,191.137,191.1694,512,908
0D09:49:41.976332000,VOD.L,341.3117,341.3442,964,798
0D09:49:41.976332000,VOD.L,341.2895,341.3424,521,365
0D09:49:42.976297000,MSFT.O,45.16197,45.16648,973,503
0D09:49:42.976297000,VOD.L,341.3162,341.3193,291,818
0D09:49:43.976259000,BA.N,127.9877,128.0036,363,702
0D09:49:43.976259000,GS.N,178.4665,178.4951,455,353
0D09:49:44.976282000,BA.N,127.9944,127.9996,18,327
0D09:49:44.976282000,VOD.L,341.3002,341.3404,457,149
0D09:49:45.976273000,BA.N,127.9878,128.0076,844,962
0D09:49:45.976273000,BA.N,127.9896,127.9964,318,420
0D09:49:46.976264000,GS.N,178.4685,178.485,454,865
0D09:49:46.976264000,IBM.N,191.138,191.1637,356,416
0D09:49:47.976278000,MSFT.O,45.16233,45.16989,411,916
0D09:49:47.976278000,VOD.L,341.2835,341.3446,10,22
0D09:49:49.976312000,BA.N,127.9779,127.9883,793,514
0D09:49:49.976312000,IBM.N,191.1351,191.1646,526,228
0D09:49:50.976357000,MSFT.O,45.16449,45.17267,785,239
0D09:49:50.976357000,GS.N,178.4617,178.4818,598,745
0D09:49:51.976275000,MSFT.O,45.16391,45.16919,485,756
0D09:49:51.976275000,IBM.N,191.1353,191.1551,530,26
0D09:49:52.976276000,BA.N,127.9831,127.9897,383,905
0D09:49:52.976276000,VOD.L,341.317,341.3185,913,701
0D09:49:53.975265000,MSFT.O,45.16791,45.17232,242,441
0D09:49:53.975265000,GS.N,178.4726,178.4951,390,510
0D09:49:54.975874000,MSFT.O,45.16403,45.17003,150,214
0D09:49:54.975874000,IBM.N,191.1397,191.1586,14,50
0D09:49:55.976278000,IBM.N,191.1384,191.1677,580,993
0D09:49:55.976278000,MSFT.O,45.16549,45.17203,102,818
0D09:49:56.976268000,GS.N,178.466,178.4921,358,605
0D09:49:56.976268000,VOD.L,341.2898,341.3457,250,294
0D09:49:57.976274000,MSFT.O,45.16613,45.16908,776,490
0D09:49:57.976274000,BA.N,127.9819,127.9962,148,916
0D09:49:59.975312000,VOD.L,341.3076,341.3399,537,888
0D09:49:59.975312000,MSFT.O,45.1666,45.16978,353,882
0D09:50:00.976271000,MSFT.O,45.16486,45.17134,349,452
0D09:50:00.976271000,MSFT.O,45.16711,45.17226,703,204
0D09:50:01.976270000,VOD.L,341.3119,341.342,578,580
0D09:50:01.976270000,VOD.L,341.2947,341.3362,640,854
0D09:50:02.976273000,BA.N,127.9779,127.9859,911,305
0D09:50:02.976273000,GS.N,178.4828,178.4967,958,615
0D09:50:03.976268000,VOD.L,341.3121,341.3381,766,114
0D09:50:03.976268000,GS.N,178.4831,178.491,804,42
0D09:50:04.976277000,MSFT.O,45.16453,45.1719,798,550
0D09:50:04.976277000,VOD.L,341.3012,341.3429,107,392
0D09:50:05.976273000,BA.N,127.976,127.9871,393,294
0D09:50:05.976273000,GS.N,178.472,178.5038,665,612
0D09:50:06.976283000,VOD.L,341.2964,341.3394,682,107
0D09:50:06.976283000,GS.N,178.4845,178.4881,419,240
0D09:50:07.976287000,BA.N,127.9811,127.9974,240,637
0D09:50:07.976287000,VOD.L,341.2991,341.3241,204,545
0D09:50:09.975865000,IBM.N,191.1479,191.1662,953,301
0D09:50:09.975865000,VOD.L,341.3143,341.3212,418,882
0D09:50:10.976396000,VOD.L,341.2924,341.3247,679,386
0D09:50:10.976396000,IBM.N,191.1554,191.1648,84,656
0D09:50:11.976443000,VOD.L,341.3105,341.3404,827,602
0D09:50:11.976443000,GS.N,178.475,178.5021,594,125
0D09:50:12.976259000,BA.N,127.9727,127.9932,94,524
0D09:50:12.976259000,BA.N,127.9748,127.9964,183,331
0D09:50:13.976284000,VOD.L,341.3119,341.3486,801,373
0D09:50:13.976284000,BA.N,127.9834,127.9952,884,724
0D09:50:14.976317000,BA.N,127.9793,127.9951,630,175
0D09:50:14.976317000,GS.N,178.4856,178.4974,590,648
0D09:50:15.976346000,BA.N,127.9785,127.9932,942,971
0D09:50:15.976346000,VOD.L,341.3038,341.3485,407,711
0D09:50:16.976297000,IBM.N,191.1617,191.1786,744,261
0D09:50:16.976297000,IBM.N,191.1597,191.174,910,195
0D09:50:17.976256000,MSFT.O,45.16863,45.17311,350,672
0D09:50:17.976256000,BA.N,127.9828,127.9932,81,10
0D09:50:19.976308000,BA.N,127.9726,127.987,705,641
0D09:50:19.976308000,BA.N,127.9666,127.9783,798,750
0D09:50:20.976294000,MSFT.O,45.16845,45.17379,603,448
0D09:50:20.976294000,GS.N,178.4705,178.4944,36,198
0D09:50:21.976288000,GS.N,178.4688,178.4986,475,120
0D09:50:21.976288000,MSFT.O,45.17183,45.17284,485,728
0D09:50:22.976260000,IBM.N,191.1443,191.1628,803,324
0D09:50:22.976260000,VOD.L,341.2975,341.3421,879,331
0D09:50:23.976288000,MSFT.O,45.17127,45.17231,943,33
0D09:50:23.976288000,BA.N,127.9703,127.9811,235,506
0D09:50:24.976304000,IBM.N,191.1445,191.1521,204,744
0D09:50:24.976304000,IBM.N,191.1412,191.16,760,138
0D09:50:25.976335000,MSFT.O,45.17018,45.17537,367,858
0D09:50:25.976335000,IBM.N,191.1439,191.1468,239,727
0D09:50:26.976289000,BA.N,127.9642,127.9817,456,326
0D09:50:26.976289000,BA.N,127.9706,127.9803,329,809
0D09:50:27.976258000,MSFT.O,45.16992,45.17632,556,30
0D09:50:27.976258000,BA.N,127.9687,127.9806,727,778
0D09:50:29.976272000,GS.N,178.4566,178.488,97,467
0D09:50:29.976272000,GS.N,178.459,178.4896,664,498
0D09:50:30.976280000,BA.N,127.9706,127.9804,516,797
0D09:50:30.976280000,BA.N,127.9657,127.9748,328,162
0D09:50:31.976288000,MSFT.O,45.1705,45.17566,842,191
0D09:50:31.976288000,GS.N,178.4638,178.478,61,880
0D09:50:32.976259000,VOD.L,341.297,341.3416,305,761
0D09:50:32.976259000,MSFT.O,45.17204,45.17322,459,579
0D09:50:33.976313000,VOD.L,341.3112,341.3491,871,543
0D09:50:33.976313000,BA.N,127.9681,127.9781,534,823
0D09:50:34.976306000,VOD.L,341.3116,341.3206,101,189
0D09:50:34.976306000,MSFT.O,45.17019,45.17374,800,275
0D09:50:35.976315000,BA.N,127.9729,127.9863,16,774
0D09:50:35.976315000,GS.N,178.4632,178.4773,262,679
0D09:50:36.976330000,BA.N,127.9633,127.9842,228,618
0D09:50:36.976330000,MSFT.O,45.17092,45.173,913,716
0D09:50:37.976258000,IBM.N,191.1366,191.1594,770,40
0D09:50:37.976258000,VOD.L,341.2904,341.3197,993,14
0D09:50:39.976325000,IBM.N,191.1427,191.1502,810,251
0D09:50:39.976325000,MSFT.O,45.16786,45.17623,729,584
0D09:50:40.976301000,IBM.N,191.1451,191.1473,794,757
0D09:50:40.976301000,GS.N,178.4584,178.484,385,601
0D09:50:41.976293000,VOD.L,341.2866,341.3315,490,574
0D09:50:41.976293000,VOD.L,341.3129,341.347,805,98
0D09:50:42.976276000,GS.N,178.4684,178.4783,936,207
0D09:50:42.976276000,VOD.L,341.2997,341.3446,374,501
0D09:50:43.976296000,BA.N,127.9676,127.9821,568,917
0D09:50:43.976296000,IBM.N,191.133,191.1617,837,20
0D09:50:44.976318000,MSFT.O,45.17096,45.17211,177,431
0D09:50:44.976318000,VOD.L,341.3164,341.3492,850,321
0D09:50:45.976296000,VOD.L,341.2867,341.3322,783,670
0D09:50:45.976296000,VOD.L,341.3051,341.3314,480,897
0D09:50:46.976283000,BA.N,127.9683,127.9738,812,944
0D09:50:46.976283000,GS.N,178.4652,178.4812,241,849
0D09:50:47.976286000,BA.N,127.9714,127.9784,194,91
0D09:50:47.976286000,IBM.N,191.1449,191.1464,209,389
